Ticker,IgnoreUntil
VCRDF,2025-07-01
SPEPRC,2025-07-01
SOMXF,2025-07-01
PGTRF,2025-07-01
IPB,2025-07-01
GUTPRC,2025-07-01
GNTPRA,2025-07-01
GLUPRB,2025-07-01
GLUPRA,2025-07-01
GGTPRG,2025-07-01
GGTPRE,2025-07-01
GGNPRB,2025-07-01
GDVPRK,2025-07-01
GABPRK,2025-07-01
GABPRH,2025-07-01
GABPRG,2025-07-01
ECFPRA,2025-07-01
CRPAY,2025-07-01
BURCP,2025-07-01
BCVPRA,2025-07-01
AMMHF,2025-07-01
VIELF,2025-07-01
NEWEN,2025-07-01
EXLMF,2025-07-01
CPWPF,2025-07-01
CPRHF,2025-07-01
CCIA,2025-07-01
ANFPF,2025-07-01
ZGBEF,2025-07-01
YAGZZ,2025-07-01
YAGOY,2025-07-01
VNOPRO,2025-07-01
VNOPRN,2025-07-01
VNOPRM,2025-07-01
VNOPRL,2025-07-01
TYPR,2025-07-01
SPGPRJ,2025-07-01
REXRPRC,2025-07-01
REXRPRB,2025-07-01
PPLOF,2025-07-01
NMPWP,2025-07-01
NMKCP,2025-07-01
NMKBP,2025-07-01
KWLDF,2025-07-01
INFFF,2025-07-01
IFTPF,2025-07-01
IDJEF,2025-07-01
HTMDF,2025-07-01
HLPRB,2025-07-01
ECCX,2025-07-01
ECCW,2025-07-01
ECCV,2025-07-01
DJXXF,2025-07-01
CTGDF,2025-07-01
ATGAF,2025-07-01
AMBKP,2025-07-01
AGMA,2025-07-01
WRBPRH,2025-07-01
WRBPRG,2025-07-01
WRBPRF,2025-07-01
WRBPRE,2025-07-01
SOPRF,2025-07-01
SOCGP,2025-07-01
SOCGM,2025-07-01
MEIUY,2025-07-01
INZRF,2025-07-01
EIIA,2025-07-01
EICC,2025-07-01
EICB,2025-07-01
EICA,2025-07-01
EIC,2025-07-01
ECCPRD,2025-07-01
BTSRF,2025-07-01
TRTNPRF,2025-07-01
TRTNPRE,2025-07-01
TRTNPRD,2025-07-01
TRTNPRC,2025-07-01
TRTNPRB,2025-07-01
TRTNPRA,2025-07-01
PAWH,2025-07-01
LAUCF,2025-07-01
KGWMF,2025-07-01
KGFTY,2025-07-01
IDINF,2025-07-01
GLOPPRC,2025-07-01
GLOPPRB,2025-07-01
GLOPPRA,2025-07-01
GAMPRB,2025-07-01
BFB,2025-07-01
BFA,2025-07-01
TKMAF,2025-07-01
TAPA,2025-07-01
STSGF,2025-07-01
SMWPY,2025-07-01
SDRTF,2025-07-01
SDRTF,2025-07-01
RVRTF,2025-07-01
PTZIF,2025-07-01
LGBOF,2025-07-01
ITCTY,2025-07-01
IBXVF,2025-07-01
GPPYF,2025-07-01
XYIGF,2025-07-01
WTPLF,2025-07-01
VTHPF,2025-07-01
VTHPF,2025-07-01
VETOF,2025-07-01
TSDOF,2025-07-01
TKCPF,2025-07-01
SUMXF,2025-07-01
SNYYF,2025-07-01
SHZHY,2025-07-01
SGHIY,2025-07-01
SESMF,2025-07-01
RKAGY,2025-07-01
RHKJF,2025-07-01
RETDF,2025-07-01
RBLAY,2025-07-01
RBLAF,2025-07-01
PTKFF,2025-07-01
PSBAF,2025-07-01
PRCXF,2025-07-01
PRCXF,2025-07-01
OMVKY,2025-07-01
OMVKY,2025-07-01
OMVJF,2025-07-01
OMVJF,2025-07-01
NYDSL,2025-07-01
MTAVF,2025-07-01
MOLFF,2025-07-01
MOLFF,2025-07-01
MNTHF,2025-07-01
MGYOY,2025-07-01
MGCOF,2025-07-01
LUNMF,2025-07-01
JMREY,2025-07-01
IVRPRC,2025-07-01
IPSEF,2025-07-01
IFHZF,2025-07-01
GZTGF,2025-07-01
GEAHF,2025-07-01
DSFGY,2025-07-01
CSPCY,2025-07-01
CMOPF,2025-07-01
CMDXF,2025-07-01
CHYMF,2025-07-01
CHFFF,2025-07-01
CGEGF,2025-07-01
CCHNF,2025-07-01
BKPRK,2025-07-01
BK/P,2025-07-01
BDMXF,2025-07-01
AHCHF,2025-07-01
AGESF,2025-07-01
ADSGF,2025-07-01
ACDSF,2025-07-01
ACDSF,2025-07-01
XYIGY,2025-07-01
WICOF,2025-07-01
TNHDF,2025-07-01
SPSAF,2025-07-01
SPPSY,2025-07-01
SHWGF,2025-07-01
SEBYF,2025-07-01
RGEDF,2025-07-01
PXGYF,2025-07-01
PPOKF,2025-07-01
PITPY,2025-07-01
PITPF,2025-07-01
PBRA,2025-07-01
PBRA,2025-07-01
NBGIF,2025-07-01
MNTHY,2025-07-01
MGCLY,2025-07-01
MFAPRC,2025-07-01
MFAPRB,2025-07-01
LKSGF,2025-07-01
KUNUF,2025-07-01
KSFTF,2025-07-01
KMDSF,2025-07-01
GLBGF,2025-07-01
GEDSF,2025-07-01
FRVWY,2025-07-01
FNNTF,2025-07-01
FNCTF,2025-07-01
FDVWF,2025-07-01
FARYF,2025-07-01
EQHPRC,2025-07-01
EQHPRA,2025-07-01
CLPHF,2025-07-01
CIEZF,2025-07-01
CHFLF,2025-07-01
CHFFY,2025-07-01
CBLUF,2025-07-01
BPIRY,2025-07-01
BOIRF,2025-07-01
BMTHF,2025-07-01
BDORY,2025-07-01
BDORY,2025-07-01
ASEJF,2025-07-01
AHCHY,2025-07-01
AEOXF,2025-07-01
SHWGY,2025-07-01
RETTF,2025-07-01
PYYIF,2025-07-01
PYOIF,2025-07-01
PLSVF,2025-07-01
OROVF,2025-07-01
MAXSF,2025-07-01
LTORY,2025-07-01
LONKF,2025-07-01
KLYCY,2025-07-01
ISRMF,2025-07-01
ISOUF,2025-07-01
GRPTF,2025-07-01
FHLGF,2025-07-01
ERMAY,2025-07-01
ERMAF,2025-07-01
ERMAF,2025-07-01
CRGGF,2025-07-01
CNINF,2025-07-01
CMBUF,2025-07-01
CMBUF,2025-07-01
CLPHY,2025-07-01
CICOF,2025-07-01
CFEIY,2025-07-01
CBLUY,2025-07-01
BPIRF,2025-07-01
AUDYF,2025-07-01
ASNFF,2025-07-01
ASNFF,2025-07-01
ALVSF,2025-07-01
ACRFF,2025-07-01
ZNZNF,2025-07-01
ZHHJY,2025-07-01
YRAIF,2025-07-01
YARIY,2025-07-01
VNNGF,2025-07-01
VNFTF,2025-07-01
VDYIF,2025-07-01
UDIRY,2025-07-01
TRPEF,2025-07-01
TNCAF,2025-07-01
TKKYY,2025-07-01
TGNOF,2025-07-01
TGASF,2025-07-01
TCEYF,2025-07-01
TCENF,2025-07-01
TAGYY,2025-07-01
STTPRG,2025-07-01
STRNY,2025-07-01
STLJF,2025-07-01
SOLLY,2025-07-01
SMORF,2025-07-01
SFPRD,2025-07-01
SFPRC,2025-07-01
SFPRB,2025-07-01
SEBYY,2025-07-01
RFPRF,2025-07-01
RFPRE,2025-07-01
QLYXF,2025-07-01
POPMF,2025-07-01
PESAF,2025-07-01
PDSSF,2025-07-01
OROVY,2025-07-01
ORANY,2025-07-01
NMSSX,2025-07-01
NLYPRI,2025-07-01
NLYPRG,2025-07-01
NLYPRF,2025-07-01
NHYEX,2025-07-01
NHYAX,2025-07-01
NCLZX,2025-07-01
NCLYX,2025-07-01
NCLOX,2025-07-01
MTBPRJ,2025-07-01
MTBPRH,2025-07-01
MAKSY,2025-07-01
LKHLY,2025-07-01
LCHIF,2025-07-01
KEYPRL,2025-07-01
KEYPRK,2025-07-01
KEYPRJ,2025-07-01
KEYPRI,2025-07-01
